square_footage,bedrooms,bathrooms,price
2397.371322408986,2.0,1.5,551770.683623083
1889.3885590630523,2.0,1.0,508972.4684734315
2518.150830480554,3.0,1.0,677726.5723934262
3218.4238851264204,4.0,1.5,730668.4603936528
1812.6773002213313,1.0,2.5,390573.959731106
,4.0,2.0,582889.1374644052
3263.370252405913,1.0,2.0,662737.4184196055
2613.9477833223273,,1.5,580108.8345438311
1624.4204912520383,4.0,3.0,507445.8042021446
2434.0480348687715,4.0,1.5,628380.9373475232
1629.2658457500302,4.0,1.0,479152.6436355939
1627.4161971437945,4.0,2.0,413834.12671661575
2193.5698172528273,2.0,1.0,588888.7824322807
800.0,4.0,,456243.7520639361
800.0,1.0,2.0,357576.09956697526
1550.1699766072218,4.0,2.5,463141.2129698425
1189.735103732461,3.0,2.0,
2251.397866076219,4.0,2.0,617383.6141499599
1273.5807395830311,3.0,3.5,498476.8304155502
870.1570389317669,3.0,1.0,403940.58027566905
3172.5190151372435,3.0,1.5,686669.1623316618
1819.3789596107715,4.0,1.5,549506.6217622937
2054.022563750339,1.0,1.5,528467.4047933129
860.2014510292345,1.0,1.5,399321.3337617235
1564.4938203798538,2.0,3.0,
2088.738071767893,2.0,2.0,582763.5451339599
1079.2051380621579,4.0,2.0,446072.10210579174
2300.5584146765377,2.0,1.5,638106.7194616558
1519.489048064956,5.0,2.5,560911.4970077183
1766.6450001653786,2.0,3.0,466942.35451612825
1518.6347102164825,2.0,2.5,535463.7050387319
3481.82254760715,4.0,1.0,822168.5457680239
1989.2022202096528,3.0,2.0,531228.1319750238
1153.8312568352799,3.0,1.0,389100.0401553298
2658.0359296825513,3.0,1.5,661034.1667094207
1023.3250800231822,4.0,1.0,441658.0017668565
2167.090876003804,2.0,2.0,564928.244682131
800.0,5.0,2.0,440565.43367214425
937.4511608812556,5.0,1.0,515615.5428610073
2157.4889886952988,3.0,1.5,
2590.7732639963283,2.0,2.0,628147.7691627005
2137.0946249519766,3.0,1.5,615129.7227811707
1907.4813740894076,1.0,1.0,424496.01093703415
1759.117043528569,1.0,1.5,481263.9090266258
817.182407706058,2.0,2.5,450542.67864256416
1424.1246332842331,3.0,1.0,442716.4002230162
1631.48898323217,4.0,1.0,467341.65105387126
2845.6977809751324,4.0,1.5,666750.2227166169
2274.894631654769,4.0,3.0,581752.542881096
800.0,3.0,2.0,335761.90459361486
2259.2671755158362,2.0,2.0,550364.6713978739
1691.9341756669469,3.0,1.5,431011.77539111
1458.462399755233,5.0,2.0,524550.276660765
2489.3410310726945,1.0,1.0,608515.0133502366
2824.799617996761,4.0,2.0,658332.133692168
2745.024095292959,3.0,3.0,757717.8104760323
1328.6259814218893,3.0,2.0,479833.5016396631
1752.6300993190284,4.0,2.5,601923.5441790571
2265.0107451228514,3.0,2.0,561859.8840758209
2780.4361016978874,4.0,1.0,724791.6766080139
1616.6606097237682,4.0,3.0,482902.39643879957
1851.4728186689463,3.0,1.0,562233.2978421674
1114.9320207951773,2.0,2.0,405831.7701089532
1043.0347007354635,3.0,1.0,424117.76610955875
2650.0206579153582,4.0,1.0,603723.3684060611
3084.9920228566584,2.0,1.5,640495.3113146685
1942.3919027357329,3.0,1.5,568720.1963230292
2802.8263183136196,3.0,2.0,628006.5475358329
2289.308820038107,4.0,2.0,646556.6376106723
1483.9041963159007,2.0,1.0,369228.73912437283
2289.116484406731,4.0,1.0,650776.1832943432
3230.429253172775,4.0,2.0,702938.2222374908
1971.3391687120388,2.0,1.5,545815.872190782
3251.714924651205,2.0,2.0,749038.7853799808
800.0,5.0,2.0,390161.40907852125
2657.522003500179,2.0,2.5,665229.6288792632
2069.637654590537,4.0,2.0,603467.7613552583
1760.794119627306,3.0,1.5,484677.02513445896
2073.408621228402,2.0,2.0,490583.55898044986
800.0,4.0,1.5,294368.71541637107
1824.2624897299904,,1.5,538621.8758244832
2285.6900572093973,3.0,2.5,527113.3700133068
3182.315235793213,3.0,1.5,729614.4953410474
1585.383825381082,3.0,2.5,487135.16300304985
1353.2051176854497,2.0,2.5,474437.9064247272
1598.5943651323707,3.0,2.5,487186.8797953624
2732.3216941616593,5.0,3.0,713375.8648068943
2263.000887727748,2.0,1.5,598543.6683735771
1576.191836986369,,1.5,500681.6770021612
2410.613946490685,2.0,2.0,607399.8898327417
2077.6620394784322,4.0,1.5,607612.6854121911
2774.9159924263113,2.0,2.0,569458.7927035914
1438.357524898118,5.0,2.0,558593.0627340669
1737.8702827217853,3.0,2.0,546303.9821089479
1686.313477494274,2.0,1.5,424612.8651953162
829.1880414943053,1.0,1.0,302174.1825404357
2236.8962216516607,2.0,1.5,556069.0688663676
2208.8442177439115,3.0,1.0,564601.7934415002
2004.0907653139686,2.0,2.5,554806.613125522
1812.3302932998824,4.0,1.5,615917.8830865416
867.7034063596686,3.0,1.0,424243.8473375917
1663.4837417877127,2.0,1.0,398911.6015965865
1725.8283867785844,3.0,2.0,544977.7575320902
1358.178184622705,4.0,2.0,550173.3936701763
1870.9714306671926,2.0,1.5,522486.140634539
2323.2406854516307,2.0,1.0,618035.1240770429
3508.948720968424,1.0,1.5,824455.8304303018
2139.6622502654714,4.0,1.5,644634.8148451698
2206.0403125782113,3.0,2.0,598371.476668818
1940.4432673870663,3.0,2.0,598320.9138122976
800.0,4.0,1.5,399744.39165484457
1978.7888996406266,4.0,1.5,570513.4871103418
2048.184167952821,3.0,3.5,567156.9134072366
3970.593689988229,4.0,2.0,953759.7214398398
1846.111228175102,2.0,2.0,465995.2509291652
2241.23787386689,2.0,1.0,627804.0673139393
1972.2305842358053,2.0,2.0,550827.7938223893
1065.0575699043743,1.0,1.0,279793.32674555905
,3.0,2.0,710521.2023913736
2601.5464261494194,4.0,3.0,580230.6385398316
2632.8255576344372,1.0,1.5,623699.2344867175
1272.490036164209,2.0,1.0,450135.0795740809
3122.235448748879,3.0,1.0,678717.5195297292
878.5191497661754,4.0,1.5,410455.2572627055
2469.4856750402164,2.0,1.0,683130.7229435468
3752.364500647983,3.0,1.0,777567.3398841006
1207.5709398954493,1.0,2.5,340690.2616314874
1546.9618163177824,2.0,,536127.4425707973
2079.721092070113,5.0,1.5,707587.5233370566
,5.0,3.0,559767.7050984484
800.0,1.0,1.0,360573.1517704178
2054.850379844822,5.0,3.0,695301.3527532673
1150.1570290191162,3.0,1.5,382899.3427259482
2378.873944508145,4.0,2.5,620065.7999078283
1264.4606126129574,3.0,2.0,506212.81754968036
3239.947524014032,3.0,2.5,832742.8425375302
1373.3973661310104,3.0,3.5,511653.6479283693
1742.3507870354595,3.0,1.5,464861.90038021625
2650.8137738957357,2.0,3.0,741975.1216693324
1015.3085468528358,1.0,1.5,323247.73713732715
2181.9679476833035,2.0,1.5,533038.3030939229
3045.7142034259423,4.0,1.5,746474.0222383724
800.0,2.0,2.0,427708.0210357387
2147.7070868258434,3.0,1.0,604854.8618514877
2207.9062353987388,5.0,2.0,656929.2103279063
2625.4582974218483,1.0,2.0,621983.1711191826
1010.4394312975344,3.0,2.5,416241.6481268035
943.6347095325789,3.0,2.5,431952.18215581216
2417.553252493518,4.0,1.5,508654.98398931255
2237.5877385865488,2.0,1.5,543307.7878344925
2200.3942802767015,3.0,1.5,589625.2387873442
2277.1585675975807,4.0,1.0,549023.0809586617
1455.9802227372074,4.0,1.0,502713.1993011591
2185.802957728803,3.0,1.5,565146.8826100144
2234.457978638945,3.0,1.5,670442.4817116162
1428.5188655789057,3.0,3.0,562928.8160975787
3492.619608915805,4.0,2.0,780602.6628814626
2379.06633672943,3.0,1.5,596818.0649310797
1046.9572022378811,1.0,2.0,358346.2020552625
2525.2428869070636,4.0,1.0,621203.4592280785
1220.254663818143,3.0,1.5,440289.44877412776
2629.6676829939615,3.0,2.0,611536.0490047147
2926.8764632059233,2.0,2.0,612500.7027340122
1343.4541453186316,3.0,1.5,480153.6829928081
2770.7009033954573,3.0,3.5,
2330.224741549199,3.0,2.5,571817.9232493802
2657.648127995592,2.0,2.0,673414.9907374688
,3.0,2.0,751036.2714602072
1803.6895071977035,5.0,2.0,588211.6879815545
1397.0110685140085,1.0,1.5,448068.86090772407
1288.3884562995813,5.0,1.5,489077.64020975155
1347.3517720276495,3.0,1.0,464839.81141120417
1938.3186324687167,4.0,2.0,544926.3126759288
2272.921579853315,4.0,2.0,611114.9078065924
2221.3526394640153,3.0,1.5,
2661.746599228819,4.0,3.0,656933.0725573109
2010.4015135023255,4.0,3.0,587721.5188695597
3162.8272617258535,3.0,2.0,651993.1743156906
1788.274533409635,2.0,2.0,473683.49265434
4176.135333271695,3.0,,874676.5253222708
2500.533878212005,4.0,1.0,627271.0941070318
1314.273954866974,4.0,2.5,472566.22093650716
1143.28600155111,4.0,1.0,433404.6902396601
2385.9779321945484,3.0,2.5,644368.7657334856
,4.0,1.5,589410.319467524
2571.2003952736736,2.0,2.5,590691.7979486376
2378.5900996588357,3.0,3.0,566628.4721793681
1941.7368698745017,1.0,1.0,429158.30986902013
1322.565025545276,2.0,2.0,404024.60777204507
,3.0,3.5,379903.93410917453
1642.788038346383,3.0,2.0,462918.4024420846
2685.119035458778,3.0,2.5,600462.0221063219
2171.274995304163,3.0,2.0,557885.207921915
1003.4089770304096,3.0,1.5,407082.67756026
2138.544740680946,2.0,1.5,573033.1843939201
2308.2539037830693,3.0,1.5,565866.9329120443
1292.9140510390935,2.0,,410787.2165486923
2122.9800847564225,1.0,1.5,469612.0972710979
,3.0,2.0,560413.0876947811
1085.6237617355014,3.0,2.0,375422.1325507845
2286.2298882786267,3.0,2.0,626590.8739038539
2448.6276210945875,3.0,2.5,540500.8185674825
2866.4409945402217,3.0,3.5,689484.6655584101
2843.041641627922,4.0,1.5,714011.6132037755
897.8645056343271,3.0,2.5,406371.4016612743
1249.7399680679018,3.0,2.5,584612.6784092102
2412.028213766928,1.0,2.0,584294.2332934346
2411.028760729767,2.0,3.0,556451.5842673646
2412.0381490448385,3.0,1.5,604532.5100022721
5000.0,3.0,1.0,901187.6833266774
2456.712408554534,3.0,2.5,626976.873818342
2908.452512144479,3.0,1.5,642115.0739716339
,3.0,2.5,722749.7253971924
2521.1130010446386,4.0,2.5,638189.9364269191
1747.7846042877236,4.0,1.0,521329.39485339617
2607.175376394614,4.0,2.5,646798.4143889719
1381.7398283699426,,1.5,591703.541848158
1810.545114607993,1.0,2.0,460519.62888530333
,2.0,2.0,563384.2264344677
2065.499311509058,1.0,3.0,570532.484832272
3851.726853338807,3.0,1.0,841862.3643675903
800.0,4.0,2.0,418436.65736587596
2549.0081522996106,2.0,2.0,632041.0877557541
800.0,4.0,2.0,303616.3710327195
1622.4545073684533,1.0,2.0,434424.00639773015
2871.160477573893,4.0,1.0,
2051.42401527637,,1.5,552768.7431177503
1137.804177656555,2.0,1.5,322911.1343083045
1427.7570325920256,3.0,2.5,474043.3323599304
2543.6781991477405,2.0,1.5,689257.0056849356
1415.7066946262908,2.0,1.5,497200.58997067955
2173.16687166558,2.0,3.0,567874.8302815354
2036.4574719230511,4.0,1.0,618041.0846413621
1478.7197219153463,3.0,3.5,480982.60726889933
3715.1552714602603,2.0,2.0,702079.7113777031
2507.135217854409,3.0,2.5,592346.9832716836
800.0,4.0,1.5,470644.4384254099
2149.163451815542,2.0,1.0,
1470.5708281852897,3.0,2.0,463416.42525904253
2681.946667836979,2.0,2.5,624800.0903618028
1365.9834092538395,2.0,2.0,530104.3408667262
1908.2108468264807,3.0,1.0,607529.5727920752
2403.989823184366,2.0,2.5,709037.4851500615
2692.6041553360974,3.0,2.5,658438.362780412
1039.7628743553792,4.0,2.0,450745.6555906616
1732.3990113272412,2.0,2.5,421527.7242280466
1620.043751071235,3.0,2.5,579353.283966599
1477.3366139410305,2.0,2.0,393211.5145277578
3412.3633922248773,5.0,1.0,812693.2870218629
2323.9853687687646,3.0,2.0,548732.6789336725
991.2928365319639,4.0,1.0,384250.5841428598
2734.289557643821,3.0,1.5,615780.3120940882
3697.7249576101067,1.0,1.5,721764.9806077251
2825.9722084409177,3.0,1.0,636939.6961086887
,5.0,,390086.56025374617
1612.6127417069988,3.0,1.0,523558.6068450652
3013.528919349298,4.0,2.5,684286.1982492687
1433.8644275049755,4.0,3.0,521106.7354764397
2355.0555425169828,2.0,1.0,629156.2889928254
2619.7072427434696,2.0,3.0,612296.2681858506
1258.4556227375338,3.0,2.0,407872.39887325
1952.3797151505598,3.0,1.5,528830.7260135714
800.0,4.0,1.0,443986.2604180355
1180.489886932568,4.0,2.0,466778.8645875531
1797.9454788854719,3.0,2.5,505631.10710244084
1001.7734544281204,2.0,2.0,404459.85072362004
3305.9290431453082,4.0,1.0,705774.7489799751
855.8868976314939,2.0,1.0,377451.0101668715
1647.964410642413,4.0,1.5,540125.0269814504
2104.592461828873,3.0,1.5,547798.4457173868
3153.018631252892,3.0,1.5,678523.5047655723
851.3102790564485,1.0,1.5,280862.4957442944
2930.5310017239676,3.0,2.5,728820.5170758907
2008.1864488156696,3.0,3.0,632676.9924468036
1214.7930791616393,3.0,1.5,397853.57452280616
2369.6827794106166,2.0,3.0,623371.7520891667
2159.247756458776,4.0,1.5,492035.812538713
1519.8264982729643,4.0,2.0,478743.08820808463
2055.841667992015,2.0,1.5,529323.3035552572
1691.7491225105919,1.0,2.0,413278.19752749713
,1.0,3.0,486796.7626906699
2529.7045396168373,3.0,2.0,601066.7031190813
3268.8134529162817,3.0,1.5,752431.654353761
1009.7476009385208,3.0,2.0,397095.68922045943
3706.4266997250133,2.0,1.0,659052.4432925034
,,2.5,276464.99236824666
1878.5719239715334,3.0,2.0,506442.5297028712
2470.653765187661,3.0,1.5,640982.3940808268
2224.793494188026,5.0,2.0,501343.7819919422
1501.840384143525,2.0,2.0,430289.5488139472
1833.5021997141798,3.0,1.0,488712.9371312559
1605.5992522729339,3.0,2.0,
1528.5081944446308,3.0,1.5,457525.13858105143
2679.68167761682,4.0,2.0,701101.7008795694
2285.612388772038,3.0,2.5,612404.7153201789
1445.6723237914766,5.0,2.5,422822.5245783614
2719.6799003466003,2.0,,676362.3458835769
2245.8396167012875,2.0,2.0,577645.7677780075
2650.2896950711684,4.0,1.0,687956.8862444047
2503.70307353889,,2.5,834367.3463526497
1336.8039912623422,,1.5,318814.9517144219
1551.8551678424244,1.0,2.0,524013.1076644191
2597.8348840986096,1.0,1.5,572802.8566447737
2488.296212346772,4.0,1.0,652610.8770721663
1983.2787248286816,,2.0,
2093.8619066470255,2.0,1.0,507867.46932715166
3022.13191663074,2.0,2.0,654828.1410826731
1526.742888931336,3.0,1.5,492986.87011835084
2437.6779049360302,1.0,1.0,479793.0009068206
1838.2458780528848,3.0,2.0,568265.8400840211
1825.8550374182237,1.0,1.0,443068.5353684708
2879.021481589752,4.0,1.5,
2660.3330791904236,2.0,2.0,606549.3189787728
2650.8077088005107,3.0,1.0,700478.6171632053
3044.3830457234635,4.0,2.5,717390.7025077083
2016.8030733062074,3.0,1.0,560443.1419064122
2545.562377035971,3.0,1.5,592786.542769622
1751.786594725235,2.0,2.0,530664.0817049663
2259.3330819907537,2.0,1.5,595675.3492381233
1895.8855565058523,3.0,1.0,616813.2751406983
2077.5967719941746,5.0,1.5,600361.3185241653
2476.125620349531,3.0,1.5,652351.5832903249
1345.423453413222,3.0,2.5,469216.89498893055
3673.909820548368,4.0,1.5,888380.0621754059
1195.1860948002384,3.0,2.5,405836.2948395993
1028.6491097698142,1.0,2.5,404047.6321093362
2926.4886988000544,3.0,1.5,676738.440014174
2633.330155170349,5.0,3.0,711790.1144201275
2499.295853641724,2.0,1.5,601982.0022686772
2502.676407411424,3.0,3.0,658013.4809330475
,2.0,1.0,507718.9351022723
1282.1965028113348,3.0,2.0,458065.13458022656
2060.643646554981,1.0,2.0,593002.4498613564
1458.2706307903106,3.0,1.5,515513.0788993075
2780.095786734201,4.0,2.0,740472.097634975
1882.354094798289,2.0,2.0,489576.1379185498
1339.6022425659908,3.0,1.0,396478.29497348244
1742.8913266776053,4.0,1.0,574198.7269135284
2330.3451634204994,4.0,2.0,673354.1141395646
1549.0203577568202,2.0,,535986.5874510722
1342.2236835468548,3.0,3.0,441134.5212335667
2194.94976919353,2.0,2.5,555265.0326110121
,5.0,3.0,567421.7804067751
1594.4454597030963,4.0,2.0,499543.2636524208
1623.1693555053419,3.0,1.5,540803.9288547736
2185.639949886109,4.0,1.0,569521.2235215065
841.5325268021406,3.0,2.5,420753.86878036225
874.0289804987558,3.0,2.0,376579.19177492283
1425.2446229980512,1.0,1.0,419989.5448607857
1829.2422786305222,4.0,1.5,489501.772303795
2248.7260524784037,2.0,3.0,586569.3803534555
3180.284973559642,4.0,2.0,607485.94748891
2686.1276985616155,4.0,1.5,666074.3468761431
1872.0491760292582,4.0,2.0,479283.7142186318
1984.787033677849,1.0,1.5,555517.7808790181
1197.976508289753,2.0,1.5,441066.8438816885
1985.189491206088,2.0,1.5,
1769.0730888638893,3.0,1.0,581411.2746875524
2258.1748482704716,1.0,2.5,503780.40119932883
1338.2152451581417,4.0,1.5,560600.4466694992
2415.477211392938,3.0,2.5,671431.15992196
3226.1911304020623,2.0,2.5,709600.905199362
1912.991881234514,3.0,1.5,591229.7895443243
2321.3693776791533,3.0,2.0,547890.7310312913
2552.11519336889,3.0,2.0,596591.5709289499
1679.023622491331,3.0,2.5,483924.0572117146
,4.0,1.5,572942.2124140493
2010.073920625436,3.0,2.0,503683.20595580275
2078.1408788390654,5.0,2.0,677875.2851806261
1381.5921729156269,4.0,1.5,466796.10591885244
2019.608139407154,2.0,1.0,535566.4693289171
2398.39863299636,4.0,2.0,611242.22662877
3160.9148862360335,2.0,2.0,613107.0679079792
2767.4166608681653,4.0,1.5,701115.3670497959
3722.545966009245,3.0,2.0,717769.1461303979
1386.1219496895606,4.0,1.5,476986.59014916065
2697.856509376543,4.0,2.0,616262.7244648408
2146.6736045906814,4.0,1.0,686364.8406501426
3751.842346574138,4.0,2.5,895844.4880948567
1353.3613717158787,2.0,1.5,430791.89532095584
1328.2225262553793,1.0,1.5,459918.71282104036
1520.4858836447822,3.0,1.0,425757.0836734305
800.0,2.0,1.0,362173.96893350466
1579.3959826553912,3.0,2.0,501899.91908424435
1392.6938707570416,,1.5,444605.0846802397
2120.315029180966,5.0,2.5,694164.9293824832
2273.4047806217277,3.0,1.0,617635.3222322492
3500.936671372709,4.0,1.5,812076.6838471575
2760.33907054884,2.0,1.5,553806.4887709112
1538.4770754700776,,1.0,447769.24655653845
1281.2682629213136,4.0,1.0,451054.79275841085
2393.5353372052045,3.0,,611198.9192946133
943.8134343834863,3.0,2.0,340061.8289238268
3465.167012683483,4.0,1.5,912858.8856814435
2943.5520965770297,2.0,2.0,747352.5172492331
1624.6594783162361,3.0,,528804.8377670596
800.0,3.0,1.0,363601.8430641872
3083.0978993323306,2.0,2.0,681854.236404792
1908.3681237979058,3.0,3.0,508659.29556857416
2990.2530495787696,1.0,2.0,657411.9833627585
800.0,1.0,2.0,337887.6270071375
1520.4999816369818,2.0,1.5,388486.96847146604
2004.1949597745465,5.0,2.5,629838.0648284268
2037.5844750117935,3.0,2.5,560374.7188105315
1639.947622816605,5.0,2.0,455601.76552862115
2498.279945877999,3.0,3.0,601722.7413427248
1145.9036564939245,2.0,1.0,366205.2718030065
1886.0964119829653,3.0,1.0,617298.8446644543
2096.236505369519,3.0,2.5,604763.1320321158
2411.551067246999,2.0,2.5,532458.5816320553
2569.291902471112,3.0,1.0,649695.5998415486
1100.2863265297046,2.0,1.5,310177.7495325374
800.0,3.0,1.0,414134.5526943537
3022.1414575188073,3.0,1.5,677264.9860369271
2265.851209583673,2.0,2.5,572695.8720005925
1401.210770754757,1.0,2.0,481471.44799032307
3240.9215804180185,4.0,1.5,694280.0586334902
2092.539707434287,3.0,1.5,491525.0468594935
2943.4377472510614,1.0,1.0,602335.695770359
2054.014785128087,5.0,1.5,657521.1603201788
,1.0,2.0,676322.4472119963
,3.0,3.0,639033.1211876561
1800.8286812167412,5.0,2.5,560066.3592620613
2777.256760763484,,1.0,659175.5541100686
2516.300759668118,2.0,2.5,674958.2014371592
3094.905246025879,2.0,2.5,678577.718799612
1228.0612315359165,2.0,2.5,401137.85437458736
2548.841167998751,,2.0,670021.2119126001
2846.73958947967,3.0,1.5,581023.8534371795
800.0,1.0,1.5,298073.9612408495
1053.39318986738,3.0,1.0,407530.1729763599
800.0,5.0,1.5,439960.9360642517
1784.4745324443538,,1.5,514680.84520710894
2574.0338046367697,3.0,2.0,642827.1212808075
3201.885641676822,2.0,2.0,585866.4785808739
2059.2758243358203,3.0,2.0,530978.9530336806
3302.8924364570335,3.0,1.0,758109.3010962784
895.9188334280868,3.0,3.0,355273.12330147903
800.0,2.0,3.0,367949.2110794799
1955.561840882705,4.0,2.5,603177.9011725406
2307.252359151446,3.0,3.5,606460.3938298286
1973.8442015247256,2.0,2.0,534599.8187785374
800.0,3.0,3.0,341863.3717357694
1928.7039683897692,3.0,1.0,518975.03127366304
956.4243995961174,4.0,1.5,446474.46841887874
2535.738039064031,4.0,1.5,660709.3539080264
2293.278596877479,4.0,1.0,579665.2260534251
1248.0961709381158,1.0,1.0,388425.24585525703
1588.9064661306452,3.0,2.0,529066.4594514277
1152.6291824888388,3.0,,332897.3134444519
1949.8567221814626,1.0,2.0,555432.2115750143
2764.1138564009907,2.0,1.0,612804.3415260949
1211.419162931565,4.0,2.5,490487.3711017462
2403.2372124142757,2.0,2.0,650347.9280444027
1575.7939053020473,3.0,1.5,415285.40093378373
1365.7017341901246,2.0,2.0,399383.21000714134
1914.3757120363537,1.0,1.5,470228.92201166786
1171.8061420645008,2.0,1.5,359083.2452534537
,5.0,3.0,640308.9121501786
1041.6976859289211,4.0,1.5,385916.04819799855
3571.7801063331117,5.0,2.0,812989.6769756234
2028.2108415773828,3.0,2.5,576951.0778167563
1440.2195936059315,2.0,2.0,385925.4627370853
2171.1839285873775,3.0,1.0,545893.5537002934
1910.137560247336,3.0,1.0,542393.2970996093
1823.2243203734215,4.0,1.0,521840.6278368877
2491.33336003474,1.0,2.0,574030.6610602136
2606.006168037844,3.0,1.5,611934.319583258
1575.599081911578,2.0,1.0,375616.3468276984
1539.345407484256,2.0,3.0,491981.4716896003
1779.9586422786847,4.0,2.0,634740.4499241648
800.0,3.0,1.5,368420.0815391719
800.0,3.0,2.0,386263.2058623775
3093.4994139556197,3.0,2.0,753661.049849186
3315.974170801027,3.0,1.0,673929.600792819
1800.7711683548973,4.0,1.5,627741.4081597149
2461.245570444613,4.0,2.5,666803.2753878321
2249.000123634829,5.0,2.0,723942.8634996798
4463.10464676419,4.0,2.0,912814.047238429
2895.6599291476614,2.0,1.5,747752.0855000404
1897.6659268153867,3.0,1.0,563407.6637240471
1235.5676475196594,3.0,1.0,452987.15142056684
800.0,2.0,1.5,354201.2227176574
2162.7709086937784,4.0,1.5,584489.2054003443
1394.9194037725574,1.0,1.0,459264.49348957726
862.1970323218607,4.0,2.5,423847.5483406815
1482.7416926059786,3.0,3.5,401557.7687115392
1134.761597108484,3.0,2.5,376854.9164809225
3349.7133080580516,3.0,2.5,755664.7085990704
2705.3118055595605,4.0,,693796.7199922118
1993.6218869467061,3.0,3.0,566213.8585970112
3183.9553111120204,3.0,1.0,778541.8361564862
2061.8946461180944,1.0,3.0,431729.10371578287
1310.972638937389,3.0,3.5,481325.29266586644
3218.4992618157257,2.0,2.0,621875.9280030011
2431.128034947727,4.0,3.5,705154.8200163675
1170.203076538835,3.0,2.0,425807.52575872507
1847.7290575331135,3.0,1.5,545639.857231173
1299.5053972921942,1.0,1.5,349231.6615643408
893.7602152285313,1.0,2.0,403037.27886716725
2740.942038025313,4.0,1.0,728227.5389067394
3527.5333123761043,1.0,2.0,763307.21200701
881.145940944687,1.0,3.5,353196.02879853104
2450.3753893524568,1.0,1.0,586549.172667625
1479.4859447025383,5.0,2.5,499078.2633060133
1610.2996929882431,4.0,3.0,579322.7368992722
1526.0848606089046,3.0,3.0,581386.7738075317
,2.0,3.0,
2038.8173023558616,2.0,2.0,499342.4718630087
1335.2399068711698,4.0,3.0,513356.85189433064
2216.365460623871,3.0,2.5,530297.7419056483
,2.0,1.0,537590.9424248873
1808.8415625068722,2.0,2.0,523856.40501915774
1273.9490703667216,1.0,2.0,302601.54357840004
1538.5829355453338,3.0,1.5,420198.2481361819
2604.312980660605,4.0,2.0,656490.0022619024
2400.7337500995045,2.0,2.0,575067.0751578843
1217.955804161159,1.0,1.0,312219.52385323355
2079.465844343381,1.0,2.0,536368.8131191164
2601.109698697431,5.0,2.5,715240.1352516402
800.0,2.0,2.0,340286.543401074
2434.688153903948,4.0,1.0,592413.6480776741
1469.9009928433227,3.0,1.0,512920.50524732657
2456.4789348745276,3.0,1.5,698742.1958855939
1389.3926747659866,2.0,3.0,429230.8270225711
800.0,2.0,1.5,311891.654142259
800.0,3.0,2.0,399560.3832705998
2038.4679573291055,4.0,,560368.7246120166
2207.7780013771853,3.0,1.5,571696.8401734161
1276.5466999164732,3.0,2.5,490964.66257370455
2510.8739670218993,1.0,2.0,486163.2906779203
800.0,,1.0,475915.11624263343
,4.0,1.5,568204.450378789
1031.1870401900346,2.0,1.0,349103.3988003962
1478.5311137582726,5.0,2.0,522317.95935266843
2037.9189370531312,3.0,2.0,558809.3083089956
,3.0,1.0,350190.3309936795
1692.3555646161396,4.0,1.5,601100.2460650827
2805.0342473715523,4.0,1.5,695321.4187192639
1538.486504381481,3.0,3.0,522923.0821795909
2668.5536896521135,2.0,3.5,700360.5419765192
,2.0,1.0,328377.05456307076
2423.8433423322263,4.0,,674750.0963015953
3153.2548965263204,2.0,1.5,682106.1799340084
800.0,3.0,1.5,409838.5387608247
1362.4837956236186,3.0,2.5,360511.198325968
2461.657701744432,3.0,3.0,634293.9402496013
1837.5636911656059,3.0,3.0,515493.52088564273
2296.916698697047,4.0,,646150.6523362648
1516.8118506273436,2.0,1.5,473523.9869625116
2069.27182997832,2.0,2.5,512509.47975564667
1875.4582116863364,2.0,1.5,468210.03854414826
2934.225649327846,4.0,2.0,714600.5789713104
2203.5366746409704,3.0,1.5,533198.3898303851
2270.0821296601616,2.0,2.0,612611.5042216306
1670.4984271020262,4.0,1.5,504614.4040429316
1609.9150207420053,4.0,1.0,361137.8421452187
1653.9534497443033,4.0,3.0,524351.9146305552
2315.5617139026376,4.0,1.0,560407.0660431971
1663.2124153437896,2.0,2.0,397918.07152852113
2231.8198855171304,4.0,1.5,545401.650916441
3660.320638916351,3.0,1.0,794518.5194291011
2696.8997627453537,4.0,1.0,735967.0058242147
1739.1811742657271,4.0,1.0,541536.3998331081
2960.971137731156,,2.5,701320.5012488865
1673.5397015827589,3.0,1.5,521326.164995949
800.0,2.0,3.0,342045.4844890504
1193.5309512660767,3.0,2.0,
800.0,5.0,1.5,359781.8665883508
1718.7892127669531,4.0,2.0,450226.941577457
2014.7347033516414,1.0,2.0,487714.02017477393
3341.1498498202263,2.0,2.5,746575.1519690405
2261.5418990113303,2.0,1.5,556900.1013509551
1824.7195769529085,4.0,1.5,525409.5901455684
2663.5244649467913,4.0,2.5,639741.3667071796
,2.0,3.0,395412.3095842484
2188.491646486853,,2.5,524917.1509756987
2616.6921551095734,4.0,1.5,703805.2189586097
817.1310033761267,4.0,2.5,359958.7995600828
2915.003234565543,3.0,2.0,654628.7233171798
2270.797125995531,3.0,2.0,522280.3093685459
1667.769668879359,3.0,1.5,472595.342987622
2506.225492885028,2.0,2.0,654699.4468566531
3816.554286243517,3.0,1.0,838264.5473587253
2145.493004046796,3.0,1.5,618245.0562084212
2198.576469040269,4.0,2.5,643393.5976527372
1632.5112803678048,3.0,1.5,437193.20062865224
1320.1245044281666,4.0,1.0,446479.21444784716
2664.2686532353964,2.0,1.0,575630.3415294364
1315.1329392729062,3.0,3.0,533798.686092888
2057.252989775514,1.0,2.0,453748.5161450115
1617.8740425879066,2.0,1.5,509865.99085764156
2383.1838605971134,4.0,2.5,689625.2725950056
2266.9296842295585,5.0,2.5,744020.4627202381
2830.0319554063194,1.0,1.5,601520.463679473
1591.9868809162024,3.0,2.0,529414.1401164385
1784.100051765303,4.0,2.5,669197.5995917376
1216.9890273741541,2.0,2.0,381666.27025943826
1644.5653919391107,3.0,1.0,409932.79641424865
2301.8403944358815,4.0,2.5,538775.5574699941
2605.5908933162814,3.0,2.0,681474.2354405088
1262.2677406578996,2.0,1.5,317682.6506957557
2695.684736084528,3.0,1.5,633236.7577657831
,4.0,1.0,749542.2024085422
2330.7479225789607,3.0,1.0,598870.9652283398
3501.436650046453,1.0,2.5,758987.7407161766
1380.9686407171416,4.0,1.0,483259.78889761394
1004.2762373508664,1.0,1.5,412084.7262682996
800.0,4.0,2.0,352384.1809630601
3196.8354491913465,2.0,1.0,660675.5604557755
2523.492525083246,5.0,3.0,659890.9064989457
1955.5322632716359,3.0,1.5,582339.430083876
2223.974901055856,2.0,1.5,601116.1645781316
1099.6087621612987,2.0,1.5,410002.5802901202
,2.0,1.5,875164.9208985156
,4.0,1.0,521604.49846820824
2087.5158356839142,5.0,2.0,701488.580930144
2580.6132991189534,3.0,3.0,733253.925953456
2384.8073853893707,3.0,1.5,642002.2076706928
2179.107219423305,4.0,2.0,695956.0283520488
1367.6204356437506,4.0,2.0,402311.9049626739
2377.1746857087965,3.0,2.5,592853.7960431869
3505.619597180027,3.0,1.5,
3076.336036923982,3.0,1.5,745024.3717264645
3274.5493013115174,3.0,1.5,686175.3582166203
1591.027458855052,1.0,2.0,481528.87629513204
1208.3161437931353,,2.5,512274.228768806
1899.3704639202815,3.0,1.0,559665.7145922421
2044.5799298309557,4.0,1.5,593374.5406577184
2875.3532147767587,1.0,3.0,601909.3151714763
800.0,3.0,2.5,340157.45169373177
3223.640255568491,3.0,3.5,823526.9836001069
1873.5936811368085,3.0,2.5,582506.502365788
1658.495144042064,1.0,1.5,444323.2956374324
1190.3164997918661,3.0,2.0,412651.9976804854
800.0,3.0,2.0,273709.6063444312
2658.5364671695315,3.0,1.0,585237.8491412078
2058.654373750723,3.0,2.0,659369.1104195947
968.0312802071569,3.0,2.0,336181.91348095017
963.9369823491072,4.0,1.0,419064.53841342014
1731.3722405678975,2.0,2.5,547578.0347449445
3335.217220231514,4.0,2.0,717536.4496346125
1792.326918909116,3.0,3.0,548084.5615754217
800.0,1.0,1.0,356895.77687553276
1803.4055487312446,1.0,1.5,468635.7984050492
1781.8211442018637,2.0,2.0,640693.324413618
800.0,4.0,1.5,309070.03705609025
1956.5641067857503,4.0,2.0,626421.0425120564
1815.2523758330576,4.0,2.5,551147.7695051355
2556.9650918507346,3.0,1.0,662140.771519444
3479.164875956276,3.0,2.0,798940.0889784036
2901.252023638206,2.0,2.0,628529.9936902311
1784.8890475561357,2.0,1.5,501683.17675638734
1114.7792730066637,3.0,3.0,344321.8183810852
4058.6878425998884,1.0,2.5,
2047.3747472115906,2.0,2.0,552014.1353812648
2011.143433530357,3.0,2.0,588604.5234617087
1980.6999303119974,4.0,2.0,630010.9058011571
2158.467808614284,5.0,3.0,662151.1633026281
1884.511670460846,4.0,2.0,570081.2215590407
1541.070394495811,3.0,2.0,442107.142341307
1562.5128470076863,3.0,2.5,461265.88886870036
1973.7973838272012,3.0,1.5,602906.3385829467
1565.260183092988,4.0,2.5,594105.7977492472
1429.7233738582686,2.0,1.0,417552.98426313756
2085.1441821535172,3.0,1.5,562571.7646856913
1796.0182260633158,4.0,1.5,496672.0151598091
3203.1943908661506,3.0,3.0,809117.0008932949
800.0,3.0,2.5,415770.84118458896
2873.2054815379693,3.0,2.0,783041.6940538828
2996.8681539981035,2.0,2.0,635614.0692407286
800.0,3.0,2.0,356099.6050490891
1725.849924735721,2.0,,515449.7848366368
1702.8473072033669,1.0,2.0,492751.5729667936
873.9906442257429,1.0,1.5,317815.21475647984
1377.7466499272998,4.0,1.0,428013.94296640996
1111.5393236273371,2.0,2.5,448301.2749902791
,3.0,2.0,801329.2213381138
2748.5427145179688,2.0,1.5,588967.7021495091
3017.244075995327,4.0,1.0,785358.7514545738
,2.0,2.5,682610.5831450184
1096.7585830262167,3.0,1.0,411228.61231632216
1580.383786976181,4.0,2.0,521037.461165229
2391.4996489823343,4.0,3.0,681427.8359031455
1022.2977528864437,2.0,1.5,332759.5094201537
2570.3987441379104,4.0,1.5,659561.3855788907
1807.739681473492,3.0,2.0,418541.77499056485
1700.143353960322,3.0,2.5,561344.285369195
2568.767974562793,2.0,2.0,537240.5350623259
2355.410649188832,1.0,3.0,648482.5887997746
1711.227067344736,4.0,1.0,505178.0554033879
2927.4638426913984,3.0,2.0,683536.227307151
1135.1493379200822,3.0,2.0,393885.7053837871
2492.748485555411,4.0,2.5,647010.3291372078
2474.4810063747072,4.0,1.0,
1752.3628485488077,,2.5,375963.9944555672
2260.9064177936943,3.0,2.0,657984.2319734636
999.1091388917577,2.0,1.5,389267.544888849
2739.221615365521,4.0,1.0,615532.1599119673
1852.0782908456088,3.0,2.5,486546.12397437944
1581.8215835847684,5.0,1.0,611092.8888981254
2839.2073806695116,1.0,1.5,576105.7631032901
1436.5250475657926,1.0,1.5,355311.23160507093
873.2309629091524,2.0,2.5,425350.37155460933
800.0,2.0,2.0,366927.6438142957
2484.8079610765117,2.0,,563324.9153346568
975.6565180029736,4.0,1.5,429679.726470677
3403.8353455874917,2.0,2.0,
800.0,2.0,2.0,405041.06992113026
3357.1650946320306,4.0,2.5,844143.3124384612
2168.8139737620945,3.0,3.0,621922.4060054114
1922.629510503686,4.0,1.0,571477.4796379037
1564.0647305528403,1.0,2.0,527669.1158262948
2319.3088914816567,3.0,1.0,587880.6500916597
1969.8922380601214,1.0,2.0,441390.12943797815
2882.6415056132173,1.0,,652369.9214835978
2091.382118929632,4.0,1.5,690509.6703163006
2120.2414091695023,2.0,1.5,489798.2367161327
1709.1102302289153,3.0,2.0,493293.396199638
1954.443501023146,3.0,1.5,561488.8270585445
2246.2414151136472,2.0,2.0,564240.96981676
800.0,4.0,1.5,343384.82098113425
921.4516623154295,1.0,1.0,384310.642158838
2594.611275218172,3.0,2.5,767693.7273835889
2136.6923505023533,5.0,1.5,627810.4255265484
1852.8133309178568,3.0,1.5,480218.58515087847
2014.7471464523146,4.0,2.0,504764.0457151734
2278.0653642893367,1.0,1.5,552108.6037044595
1568.1922557525108,3.0,1.0,530422.7055286895
1377.35621967815,2.0,1.5,
2156.676204078145,4.0,3.0,618381.2385657791
1217.3017779079744,5.0,2.0,458131.68409673084
2326.6022045715777,2.0,2.0,524382.1490498321
800.0,3.0,2.0,416737.5663162441
,2.0,1.0,684187.2575483564
,3.0,1.5,526925.2085550285
2204.8237874511005,3.0,2.5,672715.5170266994
2786.1527871564113,5.0,1.0,736626.4791181617
3332.3795555700613,3.0,1.5,817336.6655927988
2811.496052014504,2.0,1.5,577118.0203779199
800.0,2.0,1.5,274208.7922292281
,2.0,3.5,391502.298503351
1500.145137843457,2.0,1.0,465160.99202127825
,2.0,2.0,622948.9671716483
2414.1272163752983,4.0,1.0,662423.0281470512
1419.4049494772275,3.0,3.0,470776.6785809825
2149.413411581663,3.0,1.0,511093.5513539548
1395.693654117342,2.0,1.5,493354.0767535588
1510.7857576064414,4.0,2.0,458382.5923534305
874.6711225214221,4.0,2.0,492624.0961168294
1261.4134031112767,1.0,1.5,372492.77798636607
918.6523155069331,4.0,1.5,489826.95095693244
1219.3013976181337,3.0,1.5,464341.774145684
2842.913437286272,1.0,1.5,617087.241120818
1240.4808889344456,3.0,1.5,407602.31474886055
4105.905651869913,3.0,2.0,853840.453913183
2394.6543207047116,2.0,1.5,603113.9827244687
2147.868898955899,4.0,1.5,598538.1596542706
1313.3137758550292,4.0,2.0,447306.4959748191
2560.247903527193,3.0,3.0,645755.6150131973
1539.4897390097808,3.0,2.0,489852.3123374246
2097.607851716289,,1.0,448204.4730367028
4048.067630615036,3.0,1.0,870118.5503316902
1923.1520802202801,3.0,3.0,509486.75079720176
2919.4186610285406,1.0,1.5,577746.1789939939
1437.45885989929,3.0,1.0,371251.611629358
1972.0092076024307,4.0,2.0,486106.75624697004
3416.640508508408,3.0,2.0,699723.7011206467
1498.4263537697861,1.0,2.0,394312.90518394334
3449.9588463975433,4.0,1.5,887656.78383596
2566.2015483643804,2.0,1.0,573636.2484598969
1550.0265792845858,2.0,3.0,486391.49220608943
2505.9261912444167,2.0,1.5,618412.998011979
2778.043559701384,2.0,2.0,653259.793266
2497.447969773757,4.0,2.0,650745.0224297639
800.0,3.0,2.0,315235.3118200378
1418.290259340105,2.0,1.5,507789.91631497635
1801.9850915587963,4.0,1.5,633157.5959157136
1940.453256719963,4.0,2.0,486935.0538018602
2496.5376780405422,4.0,2.5,610779.2221617624
2142.160800746603,2.0,3.0,552333.6029931402
,3.0,1.0,331531.7872092783
2304.1582808047706,5.0,1.0,660922.0197935088
2488.4685962270587,4.0,3.0,631856.6793137281
2447.832358344832,1.0,2.0,680427.657142055
2864.6245804436976,1.0,2.5,701721.1167837344
2667.137723639123,3.0,1.5,658199.3600774793
2367.3440633827495,4.0,2.0,686450.922673399
,3.0,2.0,601875.1358428278
800.0,3.0,2.0,346802.62559708784
2343.6945753060686,2.0,1.5,533243.3240688121
2166.150149730489,3.0,1.0,568829.6756080557
2217.2630697562986,,2.0,655671.2666883419
978.6011393437525,3.0,1.5,401243.19083423377
1135.15476767339,4.0,2.0,371423.39104145864
2842.522282666323,5.0,3.0,706237.1202024064
1968.355876914676,2.0,1.5,514054.7383574825
2545.2005578980998,3.0,2.5,640496.8034684234
2022.6547009043688,2.0,1.0,617025.3139751457
2023.8049115965962,4.0,2.0,514271.33961953956
2750.6270447807983,3.0,3.0,707873.5188089135
1587.164217426101,3.0,1.0,552530.2880303296
2076.8966215527867,4.0,1.0,690106.9805040578
1630.179769035966,3.0,1.5,471807.0941961968
1652.4030180541477,4.0,1.0,537431.9253441321
1752.6623012250884,3.0,2.0,546387.3630436956
2177.70701730697,2.0,3.0,581430.1391737101
1617.0011026692182,3.0,1.5,485107.9053384174
3004.6049004588167,4.0,1.5,744989.5045438248
1284.314158224397,2.0,1.5,288534.8194726753
1850.5026846709127,4.0,2.0,591678.8772037685
1648.21515338066,4.0,1.0,518541.1681901974
3157.5823074829864,2.0,2.0,692513.6012835347
2157.2438212092597,5.0,2.0,730929.6829673668
2825.4756315749078,2.0,2.0,620074.6437967086
811.5517015704224,2.0,1.5,324078.95578231185
2213.640212695407,2.0,2.0,661623.6970145479
2711.7046364987496,4.0,1.0,630152.6302323196
2065.827191420339,3.0,1.0,522368.3145662239
2852.384300052281,2.0,2.5,658006.3738362998
1586.1692399197022,3.0,2.0,534962.1100944328
3127.477952148464,3.0,1.0,719511.8181899353
3839.1184988954,1.0,1.5,708736.507476697
1709.7291516482728,4.0,1.5,502350.94459088147
1643.5979828793825,,1.5,488671.9757712968
,3.0,1.5,718045.0849929717
3263.65771658457,5.0,1.0,800840.840419177
1581.7119782773852,3.0,2.0,513167.0845360064
1663.8505463233141,5.0,2.0,465776.994246077
1774.5723129115943,3.0,2.0,574382.896314782
924.4395911725783,3.0,2.0,406294.3809757179
1265.0784428126415,2.0,1.0,473988.36880159157
1196.6873865983457,4.0,3.0,496713.02435428544
1385.7619479166974,3.0,,525430.4400742927
1972.2520900905752,2.0,2.5,556665.0790860926
2187.3717860292168,1.0,2.5,607917.0557145198
3240.400394251262,3.0,3.0,782172.5909385781
1201.3167674089673,3.0,2.0,430301.7527891999
2787.457918781267,4.0,1.5,804240.4238395342
1828.8089246195927,4.0,2.0,598773.1948069335
1960.4290322780537,1.0,2.0,527751.5758919287
2539.855593733283,4.0,2.0,597163.1182330757
1101.822382750161,2.0,2.0,330857.97653934726
2305.9277969472405,4.0,1.0,625524.9436491787
2133.161766570445,4.0,1.5,599750.3248739787
2393.9610112065193,3.0,3.0,598388.0234305621
2231.3349151262546,4.0,2.0,621749.3722495412
3964.240111928715,2.0,2.0,904067.363191487
1489.8080125989472,3.0,1.5,
1575.2024359985458,4.0,1.5,451729.9399121449
1501.4875788601885,3.0,2.5,482147.6954718811
1555.6183046717963,3.0,2.0,448094.4216581414
1490.0902981547858,3.0,2.5,466628.5489027898
2951.2132248860416,4.0,2.0,702001.200451424
3136.403398391884,2.0,2.0,676578.2306285823
1543.402965000419,2.0,1.5,391253.67615139316
,4.0,2.0,473734.59715158306
2377.132445109123,4.0,1.5,601039.484924003
1558.221564575223,2.0,1.5,309760.80018617003
2506.3454542044087,2.0,2.0,708600.4193557444
2162.3384166810397,2.0,3.0,623789.2452129896
800.0,2.0,1.0,316184.9637537502
3238.004161064049,3.0,2.5,749141.5766466373
3436.7021384764175,4.0,1.5,729422.6034055846
1509.769047612491,3.0,1.5,558751.5010324169
1689.8387520512126,3.0,1.0,
2228.692312579924,3.0,1.5,589638.5332993148
2267.56543198962,4.0,2.0,671311.3470077103
2526.8354181382642,3.0,1.0,627789.6516674358
3608.16363101308,5.0,2.0,779388.2727081655
1858.4422180047604,3.0,3.0,528175.1642525311
1361.3622043692371,2.0,1.0,425800.7289939834
896.5446175883783,3.0,2.5,374254.3067010845
1415.2559680464647,2.0,1.5,423855.7313352179
1973.4984217009624,3.0,2.0,546454.7853796886
3435.6462908142303,1.0,1.5,708803.0187288616
1585.910960771063,2.0,,455499.56864053354
2179.0303613111187,4.0,1.0,538824.3008768378
1986.8616831417983,2.0,1.0,477178.44501487294
2950.714618758467,4.0,1.0,643377.9795287717
,2.0,2.0,882122.6685891446
1575.3049816637435,3.0,2.5,393513.40015754534
1608.4484459854223,3.0,2.5,561446.7840636596
2835.3287016552576,,2.0,749616.7751114308
2545.513191701049,2.0,1.0,581717.9494060263
3477.3658605888268,2.0,1.5,613948.0246969591
2467.142548260771,1.0,1.5,549505.8541407512
1712.5663273703524,2.0,1.5,476175.7410411119
2472.5238645538475,3.0,2.0,575348.6686866314
2886.962864466326,4.0,2.0,687283.5099795369
2656.3857449578913,4.0,1.5,747467.6216868513
2405.819224885838,4.0,1.5,666619.2418479627
2853.339751671323,4.0,2.5,669272.7570317935
2935.436472356538,3.0,2.5,622935.5123737091
3105.7271928300215,2.0,1.5,672008.2130440146
2518.967910071714,4.0,3.0,662172.3475432352
1866.3055357465164,3.0,3.0,574755.7897301433
2117.3709491466584,3.0,1.5,538339.8067436158
2965.207173206685,2.0,1.5,692856.0547490958
1346.4514632102112,3.0,2.0,553725.4214845431
2294.938647098321,3.0,3.0,655015.8481869613
1685.3289501381114,4.0,2.5,537894.9171541781
2022.995858347854,3.0,1.0,534291.8551995133
3022.761490085839,3.0,1.5,683080.5668038822
2152.879254415923,5.0,2.0,686963.9337849957
2037.1492385249192,2.0,2.0,504206.7134811728
912.1150872160647,3.0,1.0,379078.3985324089
2597.0028528217763,1.0,2.5,604610.3230173207
2516.3873449128605,4.0,2.0,632368.8920963524
3730.603778644368,4.0,2.5,778467.2894024502
1753.7774120375993,2.0,2.5,516715.33698652335
2175.320262131151,4.0,2.0,
2199.506946968604,2.0,1.5,577438.0655171191
3261.9626238107794,4.0,2.0,742614.3782496585
1923.7635740904384,4.0,1.0,614605.6010542181
2223.2172206162713,4.0,2.0,569643.8940318484
,1.0,1.0,648549.5953668794
2149.2872985250865,5.0,2.0,540011.2692873498
1642.8531083595774,4.0,1.5,540666.4694817812
2155.271994318646,2.0,,562062.3332741281
2858.9053998878176,4.0,1.0,654057.9565861286
1178.7877604711518,2.0,1.0,413037.8609637234
2106.375739317501,4.0,2.0,
1439.9033480486614,2.0,2.0,335144.560239596
2956.037303139874,4.0,2.0,748542.8358455218
800.0,,1.0,235336.45898349612
1552.8625221827292,1.0,1.0,374646.138151249
2301.769500051617,2.0,1.0,641723.7432527898
3252.4192233874724,1.0,1.0,648773.7818385182
1947.3997911416097,3.0,2.5,495915.9704507929
1555.8403786454414,2.0,1.5,445979.1703475821
3504.925655552472,3.0,1.5,876634.1652410484
841.5888796670049,2.0,1.0,249654.2195897494
800.0,2.0,1.5,289934.50441803277
2352.011560042666,4.0,2.0,707673.3181653813
1598.356620517911,1.0,2.0,537638.6102545733
1183.0137462954294,4.0,1.5,444780.5007298002
2566.6851578394826,4.0,1.0,588050.1385495901
2195.040571016959,3.0,1.5,681548.2607430017
1548.7370954106173,,1.5,559532.6838990524
975.7564810632846,4.0,1.5,452810.8215476043
2697.9658626241157,2.0,3.0,609074.7619467464
2520.160942366929,1.0,2.0,580572.6743131375
1920.6593089764938,2.0,2.0,510080.8922942325
3477.3095968381326,4.0,1.5,810639.0047564988
1143.9321869390778,,1.5,441639.89994742844
800.0,3.0,2.0,418970.8520568702
1446.4735440950044,5.0,2.0,468102.2277650127
1963.5311869156017,4.0,2.0,
2194.6715594581533,3.0,1.0,584857.3409193808
1807.0111537149362,1.0,2.0,510404.9628501863
2281.6443172114373,4.0,1.5,688073.6905456458
998.7684606476447,3.0,2.5,356736.25662146916
3155.0116832586073,2.0,2.0,701460.4735534679
1934.2790572859449,1.0,,468569.131024931
2893.836665270502,4.0,1.0,620682.5285223025
2274.1802771021635,3.0,2.0,613462.5404455705
2365.402575323027,4.0,1.0,745388.2138776754
2455.813824185763,4.0,1.5,548868.1864025769
2358.166848013852,3.0,1.0,592110.9966496043
2514.178207894035,3.0,2.0,664153.8779378439
3063.3220241059453,3.0,1.5,713152.2136987009
2157.216935761176,2.0,1.5,540426.1377383893
2567.20300607081,3.0,2.5,582619.6327383304
1928.2114445702186,4.0,1.5,573371.053832541
3152.093772359578,3.0,2.0,689975.8670031404
1458.8861583525843,4.0,1.5,381836.83850395994
,3.0,1.0,815842.4629749843
1967.8736394845253,,2.5,605600.3369147809
855.3799183055614,3.0,1.0,370890.0365883882
2102.4835319286312,3.0,2.0,581826.2641995798
1455.1586740200953,4.0,2.0,551989.7017387924
2672.5148391909793,2.0,2.0,642094.208717551
1477.9008165580872,3.0,2.0,
1643.0532534281763,2.0,1.5,454083.8779705339
800.0,,1.0,425599.18692869734
1638.1549446007386,3.0,2.0,516762.52798674494
800.0,3.0,2.0,384702.5971802937
800.0,5.0,2.5,368996.9455643984
2608.331724915438,3.0,2.5,668097.5514524011
2628.640126920666,4.0,2.5,640198.2731633772
2340.366049427972,3.0,2.0,574140.7710877712
1226.4190854966296,3.0,1.5,390694.0814086884
1961.830915086416,1.0,2.5,453462.89066800114
1997.1179687275453,2.0,2.0,635806.2654599799
1073.3082486459657,3.0,1.0,467563.19039631507
3202.7186414137204,3.0,2.5,838926.1713192711
2701.889832460537,1.0,2.5,556638.7238913024
1823.2286609362689,2.0,2.0,507046.9866359849
,2.0,1.0,453550.9194191389
2166.706246358042,5.0,1.5,587721.193093853
800.0,2.0,2.5,311593.65082917124
1802.2580939835225,3.0,3.0,602317.9144196064
1454.4126016017613,2.0,1.5,420850.4063351762
1198.7039920840675,3.0,1.0,473224.56549731095
1775.1197656912361,,2.5,533974.0093331113
3438.149221479618,2.0,1.5,853404.3208271821
2512.674289013608,3.0,2.0,557928.9321950551
1543.0568081737624,1.0,3.0,514420.1832154043
2458.066225084927,1.0,1.0,616031.9772827753
